id,name,logo_url
1,FC Barcelona,https://cdn.sofifa.org/teams/2/light/241.png
2,Juventus,https://cdn.sofifa.org/teams/2/light/45.png
3,Paris Saint-Germain,https://cdn.sofifa.org/teams/2/light/73.png
4,Manchester United,https://cdn.sofifa.org/teams/2/light/11.png
5,Manchester City,https://cdn.sofifa.org/teams/2/light/10.png
6,Chelsea,https://cdn.sofifa.org/teams/2/light/5.png
7,Real Madrid,https://cdn.sofifa.org/teams/2/light/243.png
8,Atlético Madrid,https://cdn.sofifa.org/teams/2/light/240.png
9,FC Bayern München,https://cdn.sofifa.org/teams/2/light/21.png
10,Tottenham Hotspur,https://cdn.sofifa.org/teams/2/light/18.png
11,Liverpool,https://cdn.sofifa.org/teams/2/light/9.png
12,Napoli,https://cdn.sofifa.org/teams/2/light/48.png
13,Arsenal,https://cdn.sofifa.org/teams/2/light/1.png
14,Milan,https://cdn.sofifa.org/teams/2/light/47.png
15,Inter,https://cdn.sofifa.org/teams/2/light/44.png
16,Lazio,https://cdn.sofifa.org/teams/2/light/46.png
17,Borussia Dortmund,https://cdn.sofifa.org/teams/2/light/22.png
18,Vissel Kobe,https://cdn.sofifa.org/teams/2/light/101146.png
19,Olympique Lyonnais,https://cdn.sofifa.org/teams/2/light/66.png
20,Roma,https://cdn.sofifa.org/teams/2/light/52.png
21,Valencia CF,https://cdn.sofifa.org/teams/2/light/461.png
22,Guangzhou Evergrande Taobao FC,https://cdn.sofifa.org/teams/2/light/111839.png
23,FC Porto,https://cdn.sofifa.org/teams/2/light/236.png
24,FC Schalke 04,https://cdn.sofifa.org/teams/2/light/34.png
25,Be?ikta? JK,https://cdn.sofifa.org/teams/2/light/327.png
26,LA Galaxy,https://cdn.sofifa.org/teams/2/light/697.png
27,Sporting CP,https://cdn.sofifa.org/teams/2/light/237.png
28,Real Betis,https://cdn.sofifa.org/teams/2/light/449.png
29,Olympique de Marseille,https://cdn.sofifa.org/teams/2/light/219.png
30,RC Celta,https://cdn.sofifa.org/teams/2/light/450.png
31,Bayer 04 Leverkusen,https://cdn.sofifa.org/teams/2/light/32.png
32,Real Sociedad,https://cdn.sofifa.org/teams/2/light/457.png
33,Villarreal CF,https://cdn.sofifa.org/teams/2/light/483.png
34,Sevilla FC,https://cdn.sofifa.org/teams/2/light/481.png
35,SL Benfica,https://cdn.sofifa.org/teams/2/light/234.png
36,AS Saint-Étienne,https://cdn.sofifa.org/teams/2/light/1819.png
37,AS Monaco,https://cdn.sofifa.org/teams/2/light/69.png
38,Leicester City,https://cdn.sofifa.org/teams/2/light/95.png
39,Atalanta,https://cdn.sofifa.org/teams/2/light/39.png
40,Grêmio,https://cdn.sofifa.org/teams/2/light/1629.png
41,Atlético Mineiro,https://cdn.sofifa.org/teams/2/light/1035.png
42,RB Leipzig,https://cdn.sofifa.org/teams/2/light/112172.png
43,Ajax,https://cdn.sofifa.org/teams/2/light/245.png
44,Dalian YiFang FC,https://cdn.sofifa.org/teams/2/light/112378.png
45,Everton,https://cdn.sofifa.org/teams/2/light/7.png
46,West Ham United,https://cdn.sofifa.org/teams/2/light/19.png
47,1. FC Köln,https://cdn.sofifa.org/teams/2/light/31.png
48,TSG 1899 Hoffenheim,https://cdn.sofifa.org/teams/2/light/10029.png
49,Shanghai SIPG FC,https://cdn.sofifa.org/teams/2/light/112540.png
50,OGC Nice,https://cdn.sofifa.org/teams/2/light/72.png
51,Al Nassr,https://cdn.sofifa.org/teams/2/light/112139.png
52,Wolverhampton Wanderers,https://cdn.sofifa.org/teams/2/light/110.png
53,Borussia Mönchengladbach,https://cdn.sofifa.org/teams/2/light/23.png
54,Hertha BSC,https://cdn.sofifa.org/teams/2/light/166.png
55,SV Werder Bremen,https://cdn.sofifa.org/teams/2/light/38.png
56,Cruzeiro,https://cdn.sofifa.org/teams/2/light/568.png
57,Athletic Club de Bilbao,https://cdn.sofifa.org/teams/2/light/448.png
58,Torino,https://cdn.sofifa.org/teams/2/light/54.png
59,Medipol Ba?ak?ehir FK,https://cdn.sofifa.org/teams/2/light/101014.png
60,Beijing Sinobo Guoan FC,https://cdn.sofifa.org/teams/2/light/111768.png
61,Crystal Palace,https://cdn.sofifa.org/teams/2/light/1799.png
62,PFC CSKA Moscow,https://cdn.sofifa.org/teams/2/light/315.png
63,VfL Wolfsburg,https://cdn.sofifa.org/teams/2/light/175.png
64,Shakhtar Donetsk,https://cdn.sofifa.org/teams/2/light/101059.png
65,Toronto FC,https://cdn.sofifa.org/teams/2/light/111651.png
66,Lokomotiv Moscow,https://cdn.sofifa.org/teams/2/light/100765.png
67,Sassuolo,https://cdn.sofifa.org/teams/2/light/111974.png
68,New York City FC,https://cdn.sofifa.org/teams/2/light/112828.png
69,Fluminense,https://cdn.sofifa.org/teams/2/light/567.png
70,PSV,https://cdn.sofifa.org/teams/2/light/247.png
71,Levante UD,https://cdn.sofifa.org/teams/2/light/1853.png
72,Fulham,https://cdn.sofifa.org/teams/2/light/144.png
73,Watford,https://cdn.sofifa.org/teams/2/light/1795.png
74,Atlanta United,https://cdn.sofifa.org/teams/2/light/112885.png
75,Montpellier HSC,https://cdn.sofifa.org/teams/2/light/70.png
76,Galatasaray SK,https://cdn.sofifa.org/teams/2/light/325.png
77,Fenerbahçe SK,https://cdn.sofifa.org/teams/2/light/326.png
78,SD Eibar,https://cdn.sofifa.org/teams/2/light/467.png
79,Los Angeles FC,https://cdn.sofifa.org/teams/2/light/112996.png
80,Sampdoria,https://cdn.sofifa.org/teams/2/light/1837.png
81,Al Hilal,https://cdn.sofifa.org/teams/2/light/605.png
82,VfB Stuttgart,https://cdn.sofifa.org/teams/2/light/36.png
83,SC Braga,https://cdn.sofifa.org/teams/2/light/1896.png
84,River Plate,https://cdn.sofifa.org/teams/2/light/1876.png
85,Deportivo Alavés,https://cdn.sofifa.org/teams/2/light/463.png
86,,https://cdn.sofifa.org/flags/52.png
87,Eintracht Frankfurt,https://cdn.sofifa.org/teams/2/light/1824.png
88,Girona FC,https://cdn.sofifa.org/teams/2/light/110062.png
89,Guangzhou R&F; FC,https://cdn.sofifa.org/teams/2/light/112429.png
90,Burnley,https://cdn.sofifa.org/teams/2/light/1796.png
91,Stoke City,https://cdn.sofifa.org/teams/2/light/1806.png
92,Southampton,https://cdn.sofifa.org/teams/2/light/17.png
93,Tianjin Quanjian FC,https://cdn.sofifa.org/teams/2/light/112983.png
94,Getafe CF,https://cdn.sofifa.org/teams/2/light/1860.png
95,Beijing Renhe FC,https://cdn.sofifa.org/teams/2/light/112537.png
96,Montreal Impact,https://cdn.sofifa.org/teams/2/light/111139.png
97,Chievo Verona,https://cdn.sofifa.org/teams/2/light/192.png
98,Genoa,https://cdn.sofifa.org/teams/2/light/110556.png
99,Portland Timbers,https://cdn.sofifa.org/teams/2/light/111140.png
100,Tigres U.A.N.L.,https://cdn.sofifa.org/flags/46.png
101,RCD Espanyol,https://cdn.sofifa.org/teams/2/light/1970.png
102,Hebei China Fortune FC,https://cdn.sofifa.org/teams/2/light/452.png
103,Cagliari,https://cdn.sofifa.org/teams/2/light/112978.png
104,Chicago Fire,https://cdn.sofifa.org/teams/2/light/1842.png
105,DC United,https://cdn.sofifa.org/teams/2/light/693.png
106,Sagan Tosu,https://cdn.sofifa.org/teams/2/light/688.png
107,Dynamo Kyiv,https://cdn.sofifa.org/teams/2/light/113160.png
108,Santos,https://cdn.sofifa.org/teams/2/light/101047.png
109,Internacional,https://cdn.sofifa.org/teams/2/light/1053.png
110,América FC (Minas Gerais),https://cdn.sofifa.org/teams/2/light/1048.png
111,Independiente,https://cdn.sofifa.org/teams/2/light/112001.png
112,Boca Juniors,https://cdn.sofifa.org/flags/40.png
113,Cruz Azul,https://cdn.sofifa.org/teams/2/light/110093.png
114,1. FSV Mainz 05,https://cdn.sofifa.org/teams/2/light/1877.png
115,Bournemouth,https://cdn.sofifa.org/teams/2/light/1878.png
116,Spartak Moscow,https://cdn.sofifa.org/teams/2/light/169.png
117,Racing Club,https://cdn.sofifa.org/teams/2/light/1943.png
118,FC Augsburg,https://cdn.sofifa.org/teams/2/light/100767.png
119,Fiorentina,https://cdn.sofifa.org/teams/2/light/101085.png
120,FC Nantes,https://cdn.sofifa.org/teams/2/light/100409.png
121,Feyenoord,https://cdn.sofifa.org/teams/2/light/110374.png
122,Club Brugge KV,https://cdn.sofifa.org/teams/2/light/71.png
123,Brighton & Hove Albion,https://cdn.sofifa.org/teams/2/light/246.png
124,Al Ahli,https://cdn.sofifa.org/teams/2/light/231.png
125,Jiangsu Suning FC,https://cdn.sofifa.org/teams/2/light/1808.png
126,SC Freiburg,https://cdn.sofifa.org/teams/2/light/112387.png
127,PAOK,https://cdn.sofifa.org/teams/2/light/112162.png
128,Stade Rennais FC,https://cdn.sofifa.org/teams/2/light/25.png
129,Trabzonspor,https://cdn.sofifa.org/teams/2/light/393.png
130,SPAL,https://cdn.sofifa.org/teams/2/light/74.png
131,Portimonense SC,https://cdn.sofifa.org/teams/2/light/436.png
132,Olympiacos CFP,https://cdn.sofifa.org/teams/2/light/112791.png
133,Club Atlético Huracán,https://cdn.sofifa.org/teams/2/light/10031.png
134,Kasimpa?a SK,https://cdn.sofifa.org/teams/2/light/280.png
135,Newcastle United,https://cdn.sofifa.org/teams/2/light/111711.png
136,Frosinone,https://cdn.sofifa.org/teams/2/light/111339.png
137,Querétaro,https://cdn.sofifa.org/teams/2/light/13.png
138,KRC Genk,https://cdn.sofifa.org/teams/2/light/111657.png
139,Hannover 96,https://cdn.sofifa.org/teams/2/light/110150.png
140,Stade Malherbe Caen,https://cdn.sofifa.org/teams/2/light/673.png
141,Godoy Cruz,https://cdn.sofifa.org/teams/2/light/485.png
142,Toulouse Football Club,https://cdn.sofifa.org/teams/2/light/210.png
143,RSC Anderlecht,https://cdn.sofifa.org/teams/2/light/111706.png
144,Huddersfield Town,https://cdn.sofifa.org/teams/2/light/1809.png
145,CD Tondela,https://cdn.sofifa.org/teams/2/light/229.png
146,Seattle Sounders FC,https://cdn.sofifa.org/teams/2/light/1939.png
147,Hamburger SV,https://cdn.sofifa.org/teams/2/light/112516.png
148,FC Red Bull Salzburg,https://cdn.sofifa.org/teams/2/light/111144.png
149,Rio Ave FC,https://cdn.sofifa.org/teams/2/light/28.png
150,FC Girondins de Bordeaux,https://cdn.sofifa.org/teams/2/light/191.png
151,Melbourne Victory,https://cdn.sofifa.org/teams/2/light/744.png
152,Parma,https://cdn.sofifa.org/teams/2/light/59.png
153,FC Basel 1893,https://cdn.sofifa.org/teams/2/light/111397.png
154,Al Wehda,https://cdn.sofifa.org/teams/2/light/50.png
155,BSC Young Boys,https://cdn.sofifa.org/teams/2/light/896.png
156,KAA Gent,https://cdn.sofifa.org/teams/2/light/112408.png
157,Al Ittihad,https://cdn.sofifa.org/teams/2/light/900.png
158,Standard de Liège,https://cdn.sofifa.org/teams/2/light/674.png
159,Shanghai Greenland Shenhua FC,https://cdn.sofifa.org/teams/2/light/607.png
160,Colo-Colo,https://cdn.sofifa.org/teams/2/light/232.png
161,Junior FC,https://cdn.sofifa.org/teams/2/light/110955.png
162,West Bromwich Albion,https://cdn.sofifa.org/teams/2/light/110980.png
163,RC Strasbourg Alsace,https://cdn.sofifa.org/flags/38.png
164,Göztepe SK,https://cdn.sofifa.org/teams/2/light/101101.png
165,Deportivo Cali,https://cdn.sofifa.org/teams/2/light/109.png
166,Deportivo Toluca,https://cdn.sofifa.org/teams/2/light/76.png
167,Bologna,https://cdn.sofifa.org/teams/2/light/101026.png
168,Nagoya Grampus,https://cdn.sofifa.org/teams/2/light/101102.png
169,Amiens SC,https://cdn.sofifa.org/teams/2/light/1882.png
170,Changchun Yatai FC,https://cdn.sofifa.org/teams/2/light/189.png
171,Club Atlético Lanús,https://cdn.sofifa.org/flags/108.png
172,Botafogo,https://cdn.sofifa.org/teams/2/light/112092.png
173,Club América,https://cdn.sofifa.org/teams/2/light/1816.png
174,Udinese,https://cdn.sofifa.org/teams/2/light/111769.png
175,Real Valladolid CF,https://cdn.sofifa.org/teams/2/light/110395.png
176,CD Leganés,https://cdn.sofifa.org/teams/2/light/517.png
177,Club Atlético Banfield,https://cdn.sofifa.org/teams/2/light/1879.png
178,Celtic,https://cdn.sofifa.org/teams/2/light/55.png
179,Vitória Guimarães,https://cdn.sofifa.org/teams/2/light/462.png
180,FC København,https://cdn.sofifa.org/teams/2/light/100888.png
181,UD Las Palmas,https://cdn.sofifa.org/teams/2/light/110404.png
182,Deportivo de La Coruña,https://cdn.sofifa.org/teams/2/light/78.png
183,Universidad Católica,https://cdn.sofifa.org/teams/2/light/1887.png
184,San Lorenzo de Almagro,https://cdn.sofifa.org/flags/58.png
185,Rayo Vallecano,https://cdn.sofifa.org/teams/2/light/819.png
186,Monterrey,https://cdn.sofifa.org/teams/2/light/472.png
187,Columbus Crew SC,https://cdn.sofifa.org/teams/2/light/242.png
188,MKE Ankaragücü,https://cdn.sofifa.org/teams/2/light/110975.png
189,Guizhou Hengfeng FC,https://cdn.sofifa.org/teams/2/light/1013.png
190,Swansea City,https://cdn.sofifa.org/teams/2/light/480.png
191,Tianjin TEDA FC,https://cdn.sofifa.org/teams/2/light/1032.png
192,Chongqing Dangdai Lifan FC SWM Team,https://cdn.sofifa.org/teams/2/light/687.png
193,AEK Athens,https://cdn.sofifa.org/teams/2/light/101007.png
194,Al Taawoun,https://cdn.sofifa.org/teams/2/light/112977.png
195,Melbourne City FC,https://cdn.sofifa.org/teams/2/light/1960.png
196,En Avant de Guingamp,https://cdn.sofifa.org/teams/2/light/111774.png
197,Akhisar Belediyespor,https://cdn.sofifa.org/teams/2/light/112165.png
198,Foggia,https://cdn.sofifa.org/teams/2/light/278.png
199,LOSC Lille,https://cdn.sofifa.org/teams/2/light/112393.png
200,1. FC Nürnberg,https://cdn.sofifa.org/teams/2/light/112224.png
201,Clube Sport Marítimo,https://cdn.sofifa.org/teams/2/light/62.png
202,Real Sporting de Gijón,https://cdn.sofifa.org/teams/2/light/111340.png
203,BB Erzurumspor,https://cdn.sofifa.org/teams/2/light/110911.png
204,Shandong Luneng TaiShan FC,https://cdn.sofifa.org/teams/2/light/65.png
205,Club Atlético Colón,https://cdn.sofifa.org/teams/2/light/171.png
206,Bahia,https://cdn.sofifa.org/teams/2/light/1893.png
207,Once Caldas,https://cdn.sofifa.org/teams/2/light/459.png
208,FC Groningen,https://cdn.sofifa.org/teams/2/light/749.png
209,Angers SCO,https://cdn.sofifa.org/teams/2/light/111724.png
210,Paraná,https://cdn.sofifa.org/teams/2/light/110406.png
211,Antalyaspor,https://cdn.sofifa.org/teams/2/light/1598.png
212,Minnesota United FC,https://cdn.sofifa.org/teams/2/light/101106.png
213,Club León,https://cdn.sofifa.org/flags/23.png
214,Empoli,https://cdn.sofifa.org/teams/2/light/1915.png
215,VVV-Venlo,https://cdn.sofifa.org/teams/2/light/1530.png
216,Leeds United,https://cdn.sofifa.org/teams/2/light/111048.png
217,Viktoria Plze?,https://cdn.sofifa.org/teams/2/light/741.png
218,Alanyaspor,https://cdn.sofifa.org/teams/2/light/111138.png
219,Atlético Paranaense,https://cdn.sofifa.org/teams/2/light/110781.png
220,Derby County,https://cdn.sofifa.org/teams/2/light/1746.png
221,Kawasaki Frontale,https://cdn.sofifa.org/teams/2/light/100651.png
222,Cardiff City,https://cdn.sofifa.org/teams/2/light/8.png
223,Aston Villa,https://cdn.sofifa.org/teams/2/light/110468.png
224,Guadalajara,https://cdn.sofifa.org/teams/2/light/113142.png
225,Dijon FCO,https://cdn.sofifa.org/teams/2/light/1039.png
226,Santos Laguna,https://cdn.sofifa.org/teams/2/light/91.png
227,Málaga CF,https://cdn.sofifa.org/teams/2/light/111730.png
228,Vitória,https://cdn.sofifa.org/teams/2/light/1961.png
229,Çaykur Rizespor,https://cdn.sofifa.org/teams/2/light/2.png
230,U.N.A.M.,https://cdn.sofifa.org/teams/2/light/1880.png
231,Nottingham Forest,https://cdn.sofifa.org/teams/2/light/110569.png
232,Royal Antwerp FC,https://cdn.sofifa.org/teams/2/light/110144.png
233,Club Tijuana,https://cdn.sofifa.org/teams/2/light/573.png
234,Sport Club do Recife,https://cdn.sofifa.org/teams/2/light/1719.png
235,Real Salt Lake,https://cdn.sofifa.org/teams/2/light/101037.png
236,AZ Alkmaar,https://cdn.sofifa.org/teams/2/light/1881.png
237,SK Slavia Praha,https://cdn.sofifa.org/teams/2/light/14.png
238,Willem II,https://cdn.sofifa.org/teams/2/light/230.png
239,Middlesbrough,https://cdn.sofifa.org/teams/2/light/111678.png
240,Dinamo Zagreb,https://cdn.sofifa.org/teams/2/light/111057.png
241,Club Atlas,https://cdn.sofifa.org/teams/2/light/111065.png
242,Granada CF,https://cdn.sofifa.org/teams/2/light/1906.png
243,Sydney FC,https://cdn.sofifa.org/teams/2/light/266.png
244,Sporting Kansas City,https://cdn.sofifa.org/teams/2/light/1907.png
245,SV Zulte-Waregem,https://cdn.sofifa.org/teams/2/light/12.png
246,Philadelphia Union,https://cdn.sofifa.org/teams/2/light/211.png
247,Real Oviedo,https://cdn.sofifa.org/teams/2/light/101114.png
248,Pachuca,https://cdn.sofifa.org/teams/2/light/110832.png
249,Boavista FC,https://cdn.sofifa.org/teams/2/light/111400.png
250,Atiker Konyaspor,https://cdn.sofifa.org/teams/2/light/696.png
251,Kaizer Chiefs,https://cdn.sofifa.org/teams/2/light/15005.png
252,GD Chaves,https://cdn.sofifa.org/teams/2/light/112134.png
253,Palermo,https://cdn.sofifa.org/teams/2/light/110827.png
254,Atlético Nacional,https://cdn.sofifa.org/teams/2/light/110147.png
255,Puebla FC,https://cdn.sofifa.org/teams/2/light/1898.png
256,Perth Glory,https://cdn.sofifa.org/teams/2/light/101033.png
257,Panathinaikos FC,https://cdn.sofifa.org/teams/2/light/110929.png
258,FC Sion,https://cdn.sofifa.org/teams/2/light/518.png
259,Vitória de Setúbal,https://cdn.sofifa.org/teams/2/light/1843.png
260,New York Red Bulls,https://cdn.sofifa.org/teams/2/light/101100.png
261,Al Shabab,https://cdn.sofifa.org/teams/2/light/110152.png
262,Monarcas Morelia,https://cdn.sofifa.org/teams/2/light/111399.png
263,Albacete BP,https://cdn.sofifa.org/teams/2/light/1884.png
264,Rangers FC,https://cdn.sofifa.org/teams/2/light/110770.png
265,Sparta Praha,https://cdn.sofifa.org/teams/2/light/665.png
266,Legia Warszawa,https://cdn.sofifa.org/teams/2/light/689.png
267,Urawa Red Diamonds,https://cdn.sofifa.org/teams/2/light/111674.png
268,Rosario Central,https://cdn.sofifa.org/teams/2/light/1028.png
269,Stade de Reims,https://cdn.sofifa.org/teams/2/light/1854.png
270,ADO Den Haag,https://cdn.sofifa.org/teams/2/light/86.png
271,Chapecoense,https://cdn.sofifa.org/teams/2/light/267.png
272,FC Midtjylland,https://cdn.sofifa.org/teams/2/light/1871.png
273,San Jose Earthquakes,https://cdn.sofifa.org/teams/2/light/111575.png
274,Belgrano de Córdoba,https://cdn.sofifa.org/teams/2/light/110580.png
275,Brescia,https://cdn.sofifa.org/teams/2/light/379.png
276,Kashima Antlers,https://cdn.sofifa.org/flags/140.png
277,CD Everton de Viña del Mar,https://cdn.sofifa.org/teams/2/light/650.png
278,Fortuna Düsseldorf,https://cdn.sofifa.org/teams/2/light/112476.png
279,SD Huesca,https://cdn.sofifa.org/teams/2/light/1516.png
280,Preston North End,https://cdn.sofifa.org/teams/2/light/111928.png
281,Club Atlético Talleres,https://cdn.sofifa.org/teams/2/light/111022.png
282,Benevento,https://cdn.sofifa.org/teams/2/light/190.png
283,Vitesse,https://cdn.sofifa.org/flags/59.png
284,Gimnasia y Esgrima La Plata,https://cdn.sofifa.org/teams/2/light/101147.png
285,Houston Dynamo,https://cdn.sofifa.org/flags/44.png
286,Club Necaxa,https://cdn.sofifa.org/teams/2/light/112584.png
287,Norwich City,https://cdn.sofifa.org/teams/2/light/110636.png
288,Holstein Kiel,https://cdn.sofifa.org/teams/2/light/110839.png
289,Ettifaq FC,https://cdn.sofifa.org/teams/2/light/1801.png
290,Kayserispor,https://cdn.sofifa.org/teams/2/light/112670.png
291,1. FC Heidenheim 1846,https://cdn.sofifa.org/teams/2/light/112026.png
292,Brentford,https://cdn.sofifa.org/teams/2/light/1909.png
293,Yeni Malatyaspor,https://cdn.sofifa.org/teams/2/light/101084.png
294,Lobos BUAP,https://cdn.sofifa.org/teams/2/light/698.png
295,Bursaspor,https://cdn.sofifa.org/teams/2/light/101121.png
296,Ceará Sporting Club,https://cdn.sofifa.org/teams/2/light/1792.png
297,Sheffield United,https://cdn.sofifa.org/teams/2/light/576.png
298,FC Ingolstadt 04,https://cdn.sofifa.org/teams/2/light/112096.png
299,Estudiantes de La Plata,https://cdn.sofifa.org/teams/2/light/101020.png
300,AIK,https://cdn.sofifa.org/teams/2/light/111235.png
301,Queens Park Rangers,https://cdn.sofifa.org/teams/2/light/1925.png
302,Suwon Samsung Bluewings,https://cdn.sofifa.org/teams/2/light/113259.png
303,Heart of Midlothian,https://cdn.sofifa.org/teams/2/light/111035.png
304,Reading,https://cdn.sofifa.org/teams/2/light/742.png
305,FC Dallas,https://cdn.sofifa.org/teams/2/light/111059.png
306,Heracles Almelo,https://cdn.sofifa.org/teams/2/light/1794.png
307,Venezia FC,https://cdn.sofifa.org/teams/2/light/111239.png
308,CD Lugo,https://cdn.sofifa.org/teams/2/light/101083.png
309,Henan Jianye FC,https://cdn.sofifa.org/teams/2/light/433.png
310,Orlando City SC,https://cdn.sofifa.org/teams/2/light/15.png
311,CA Osasuna,https://cdn.sofifa.org/teams/2/light/983.png
312,NAC Breda,https://cdn.sofifa.org/teams/2/light/80.png
313,Livorno,https://cdn.sofifa.org/teams/2/light/1793.png
314,Universidad de Chile,https://cdn.sofifa.org/teams/2/light/695.png
315,Brøndby IF,https://cdn.sofifa.org/teams/2/light/100634.png
316,Aberdeen,https://cdn.sofifa.org/teams/2/light/205.png
317,Defensa y Justicia,https://cdn.sofifa.org/teams/2/light/110831.png
318,Atlético Tucumán,https://cdn.sofifa.org/teams/2/light/111779.png
319,Blackburn Rovers,https://cdn.sofifa.org/teams/2/light/112606.png
320,SV Darmstadt 98,https://cdn.sofifa.org/teams/2/light/479.png
321,Moreirense FC,https://cdn.sofifa.org/teams/2/light/1904.png
322,Sanfrecce Hiroshima,https://cdn.sofifa.org/teams/2/light/1844.png
323,CD Numancia,https://cdn.sofifa.org/flags/111.png
324,KV Oostende,https://cdn.sofifa.org/teams/2/light/15029.png
325,FC Utrecht,https://cdn.sofifa.org/teams/2/light/269.png
326,Vancouver Whitecaps FC,https://cdn.sofifa.org/teams/2/light/77.png
327,Odense Boldklub,https://cdn.sofifa.org/teams/2/light/111710.png
328,SC Heerenveen,https://cdn.sofifa.org/teams/2/light/111708.png
329,Racing Club de Lens,https://cdn.sofifa.org/teams/2/light/3.png
330,Independiente Santa Fe,https://cdn.sofifa.org/teams/2/light/110502.png
331,Sporting de Charleroi,https://cdn.sofifa.org/teams/2/light/1900.png
332,Millonarios FC,https://cdn.sofifa.org/teams/2/light/113157.png
333,Sheffield Wednesday,https://cdn.sofifa.org/teams/2/light/477.png
334,Perugia,https://cdn.sofifa.org/teams/2/light/682.png
335,Daegu FC,https://cdn.sofifa.org/flags/39.png
336,Vélez Sarsfield,https://cdn.sofifa.org/teams/2/light/1903.png
337,Grasshopper Club Zürich,https://cdn.sofifa.org/teams/2/light/101112.png
338,Sivasspor,https://cdn.sofifa.org/teams/2/light/272.png
339,Nîmes Olympique,https://cdn.sofifa.org/teams/2/light/1913.png
340,Rosenborg BK,https://cdn.sofifa.org/teams/2/light/64.png
341,SK Sturm Graz,https://cdn.sofifa.org/teams/2/light/101104.png
342,FC Metz,https://cdn.sofifa.org/teams/2/light/670.png
343,CD Universidad de Concepción,https://cdn.sofifa.org/teams/2/light/101105.png
344,Hellas Verona,https://cdn.sofifa.org/teams/2/light/1807.png
345,Brisbane Roar,https://cdn.sofifa.org/teams/2/light/199.png
346,CD Feirense,https://cdn.sofifa.org/teams/2/light/2056.png
347,Hull City,https://cdn.sofifa.org/teams/2/light/101088.png
348,Waasland-Beveren,https://cdn.sofifa.org/teams/2/light/322.png
349,Neuchâtel Xamax,https://cdn.sofifa.org/teams/2/light/101041.png
350,Real Zaragoza,https://cdn.sofifa.org/teams/2/light/224.png
351,CD Aves,https://cdn.sofifa.org/teams/2/light/298.png
352,Millwall,https://cdn.sofifa.org/teams/2/light/209.png
353,Unión de Santa Fe,https://cdn.sofifa.org/teams/2/light/68.png
354,KAS Eupen,https://cdn.sofifa.org/teams/2/light/112534.png
355,Cádiz CF,https://cdn.sofifa.org/teams/2/light/206.png
356,FC Tokyo,https://cdn.sofifa.org/teams/2/light/111395.png
357,CD Tenerife,https://cdn.sofifa.org/teams/2/light/10019.png
358,1. FC Union Berlin,https://cdn.sofifa.org/teams/2/light/1952.png
359,Al Fayha,https://cdn.sofifa.org/teams/2/light/110913.png
360,AJ Auxerre,https://cdn.sofifa.org/teams/2/light/435.png
361,Patriotas Boyacá FC,https://cdn.sofifa.org/teams/2/light/244.png
362,Molde FK,https://cdn.sofifa.org/teams/2/light/666.png
363,Bristol City,https://cdn.sofifa.org/teams/2/light/97.png
364,CD Nacional,https://cdn.sofifa.org/teams/2/light/111716.png
365,Sporting Lokeren,https://cdn.sofifa.org/teams/2/light/2013.png
366,FC St. Pauli,https://cdn.sofifa.org/teams/2/light/1968.png
367,Deportes Iquique,https://cdn.sofifa.org/teams/2/light/101150.png
368,Al Qadisiyah,https://cdn.sofifa.org/teams/2/light/260.png
369,Atlético Bucaramanga,https://cdn.sofifa.org/teams/2/light/1831.png
370,Club Atlético Tigre,https://cdn.sofifa.org/teams/2/light/113057.png
371,FK Austria Wien,https://cdn.sofifa.org/teams/2/light/57.png
372,Patronato,https://cdn.sofifa.org/teams/2/light/112527.png
373,Malmö FF,https://cdn.sofifa.org/teams/2/light/417.png
374,Kashiwa Reysol,https://cdn.sofifa.org/teams/2/light/1919.png
375,US Cremonese,https://cdn.sofifa.org/teams/2/light/1891.png
376,VfL Bochum 1848,https://cdn.sofifa.org/teams/2/light/2007.png
377,SK Rapid Wien,https://cdn.sofifa.org/teams/2/light/110329.png
378,KSV Cercle Brugge,https://cdn.sofifa.org/teams/2/light/112531.png
379,Rionegro Águilas,https://cdn.sofifa.org/teams/2/light/112391.png
380,Gimnàstic de Tarragona,https://cdn.sofifa.org/teams/2/light/112992.png
381,Lecce,https://cdn.sofifa.org/teams/2/light/111715.png
382,Santa Clara,https://cdn.sofifa.org/teams/2/light/256.png
383,BK Häcken,https://cdn.sofifa.org/teams/2/light/110581.png
384,New England Revolution,https://cdn.sofifa.org/teams/2/light/320.png
385,Orlando Pirates,https://cdn.sofifa.org/flags/57.png
386,Atlético Huila,https://cdn.sofifa.org/teams/2/light/101145.png
387,Western Sydney Wanderers,https://cdn.sofifa.org/flags/37.png
388,Kalmar FF,https://cdn.sofifa.org/teams/2/light/111434.png
389,Independiente Medellín,https://cdn.sofifa.org/teams/2/light/160.png
390,Fortuna Sittard,https://cdn.sofifa.org/flags/53.png
391,Lech Pozna?,https://cdn.sofifa.org/teams/2/light/254.png
392,Djurgårdens IF,https://cdn.sofifa.org/teams/2/light/1750.png
393,CF Reus Deportiu,https://cdn.sofifa.org/teams/2/light/112578.png
394,SK Brann,https://cdn.sofifa.org/flags/70.png
395,Ulsan Hyundai FC,https://cdn.sofifa.org/teams/2/light/15019.png
396,Sint-Truidense VV,https://cdn.sofifa.org/teams/2/light/347.png
397,Carpi,https://cdn.sofifa.org/teams/2/light/1438.png
398,Al Fateh,https://cdn.sofifa.org/teams/2/light/711.png
399,Royal Excel Mouscron,https://cdn.sofifa.org/teams/2/light/691.png
400,AC Ajaccio,https://cdn.sofifa.org/teams/2/light/110930.png
401,PEC Zwolle,https://cdn.sofifa.org/teams/2/light/112528.png
402,Sunderland,https://cdn.sofifa.org/teams/2/light/112427.png
403,Club Atlético Aldosivi,https://cdn.sofifa.org/teams/2/light/1439.png
404,US Salernitana 1919,https://cdn.sofifa.org/flags/103.png
405,FC Lorient,https://cdn.sofifa.org/flags/24.png
406,Argentinos Juniors,https://cdn.sofifa.org/teams/2/light/101103.png
407,AD Alcorcón,https://cdn.sofifa.org/teams/2/light/634.png
408,Crotone,https://cdn.sofifa.org/teams/2/light/873.png
409,Excelsior,https://cdn.sofifa.org/teams/2/light/710.png
410,KV Kortrijk,https://cdn.sofifa.org/teams/2/light/110854.png
411,IFK Norrköping,https://cdn.sofifa.org/teams/2/light/919.png
412,Adelaide United,https://cdn.sofifa.org/teams/2/light/1473.png
413,FC St. Gallen,https://cdn.sofifa.org/teams/2/light/680.png
414,Tiburones Rojos de Veracruz,https://cdn.sofifa.org/flags/195.png
415,CD Palestino,https://cdn.sofifa.org/teams/2/light/112409.png
416,Jeju United FC,https://cdn.sofifa.org/teams/2/light/112390.png
417,Deportes Tolima,https://cdn.sofifa.org/teams/2/light/111560.png
418,Jeonbuk Hyundai Motors,https://cdn.sofifa.org/teams/2/light/614.png
419,Birmingham City,https://cdn.sofifa.org/teams/2/light/1914.png
420,América de Cali,https://cdn.sofifa.org/teams/2/light/106.png
421,La Equidad,https://cdn.sofifa.org/teams/2/light/111707.png
422,Spezia,https://cdn.sofifa.org/teams/2/light/110373.png
423,Aalborg BK,https://cdn.sofifa.org/teams/2/light/217.png
424,Le Havre AC,https://cdn.sofifa.org/teams/2/light/111019.png
425,Górnik Zabrze,https://cdn.sofifa.org/teams/2/light/100831.png
426,Central Coast Mariners,https://cdn.sofifa.org/teams/2/light/110734.png
427,Wigan Athletic,https://cdn.sofifa.org/teams/2/light/1971.png
428,Jagiellonia Bia?ystok,https://cdn.sofifa.org/teams/2/light/100081.png
429,Cittadella,https://cdn.sofifa.org/teams/2/light/702.png
430,Hibernian,https://cdn.sofifa.org/teams/2/light/111393.png
431,FC Lugano,https://cdn.sofifa.org/teams/2/light/898.png
432,San Martín de San Juan,https://cdn.sofifa.org/teams/2/light/110145.png
433,Strømsgodset IF,https://cdn.sofifa.org/teams/2/light/111328.png
434,Júbilo Iwata,https://cdn.sofifa.org/teams/2/light/1478.png
435,Newell's Old Boys,https://cdn.sofifa.org/teams/2/light/111722.png
436,Al Faisaly,https://cdn.sofifa.org/teams/2/light/1477.png
437,Colorado Rapids,https://cdn.sofifa.org/teams/2/light/88.png
438,IF Elfsborg,https://cdn.sofifa.org/teams/2/light/101099.png
439,SV Sandhausen,https://cdn.sofifa.org/teams/2/light/112523.png
440,Al Batin,https://cdn.sofifa.org/teams/2/light/110741.png
441,Stade Brestois 29,https://cdn.sofifa.org/teams/2/light/820.png
442,UD Almería,https://cdn.sofifa.org/teams/2/light/1738.png
443,Gyeongnam FC,https://cdn.sofifa.org/teams/2/light/420.png
444,Yokohama F. Marinos,https://cdn.sofifa.org/teams/2/light/111396.png
445,Kilmarnock,https://cdn.sofifa.org/teams/2/light/1917.png
446,Pescara,https://cdn.sofifa.org/teams/2/light/110745.png
447,Newcastle Jets,https://cdn.sofifa.org/teams/2/light/111993.png
448,Córdoba CF,https://cdn.sofifa.org/teams/2/light/81.png
449,RCD Mallorca,https://cdn.sofifa.org/teams/2/light/10032.png
450,Hammarby IF,https://cdn.sofifa.org/teams/2/light/111713.png
451,Cerezo Osaka,https://cdn.sofifa.org/teams/2/light/922.png
452,KFC Uerdingen 05,https://cdn.sofifa.org/teams/2/light/101144.png
453,Shimizu S-Pulse,https://cdn.sofifa.org/teams/2/light/110396.png
454,MSV Duisburg,https://cdn.sofifa.org/flags/60.png
455,Os Belenenses,https://cdn.sofifa.org/teams/2/light/112389.png
456,DSC Arminia Bielefeld,https://cdn.sofifa.org/teams/2/light/694.png
457,Ipswich Town,https://cdn.sofifa.org/teams/2/light/700.png
458,FC Seoul,https://cdn.sofifa.org/teams/2/light/110178.png
459,Lechia Gda?sk,https://cdn.sofifa.org/teams/2/light/112990.png
460,Gamba Osaka,https://cdn.sofifa.org/teams/2/light/378.png
461,CF Rayo Majadahonda,https://cdn.sofifa.org/teams/2/light/1861.png
462,LASK Linz,https://cdn.sofifa.org/teams/2/light/111588.png
463,Bolton Wanderers,https://cdn.sofifa.org/teams/2/light/101151.png
464,Al Raed,https://cdn.sofifa.org/teams/2/light/82.png
465,Extremadura UD,https://cdn.sofifa.org/teams/2/light/200.png
466,SC Paderborn 07,https://cdn.sofifa.org/teams/2/light/111398.png
467,Wellington Phoenix,https://cdn.sofifa.org/teams/2/light/1867.png
468,Unión Española,https://cdn.sofifa.org/teams/2/light/453.png
469,Alianza Petrolera,https://cdn.sofifa.org/teams/2/light/708.png
470,Cracovia,https://cdn.sofifa.org/teams/2/light/101148.png
471,Gangwon FC,https://cdn.sofifa.org/teams/2/light/167.png
472,Elche CF,https://cdn.sofifa.org/teams/2/light/101149.png
473,ESTAC Troyes,https://cdn.sofifa.org/teams/2/light/1825.png
474,AS Béziers,https://cdn.sofifa.org/teams/2/light/1889.png
475,La Berrichonne de Châteauroux,https://cdn.sofifa.org/teams/2/light/159.png
476,Clermont Foot 63,https://cdn.sofifa.org/teams/2/light/94.png
477,1. FC Magdeburg,https://cdn.sofifa.org/teams/2/light/982.png
478,Pohang Steelers,https://cdn.sofifa.org/teams/2/light/111091.png
479,Örebro SK,https://cdn.sofifa.org/teams/2/light/112093.png
480,Arka Gdynia,https://cdn.sofifa.org/flags/61.png
481,SG Dynamo Dresden,https://cdn.sofifa.org/teams/2/light/110066.png
482,SpVgg Greuther Fürth,https://cdn.sofifa.org/teams/2/light/252.png
483,CD Huachipato,https://cdn.sofifa.org/teams/2/light/4.png
484,Wis?a Kraków,https://cdn.sofifa.org/teams/2/light/112392.png
485,Stabæk Fotball,https://cdn.sofifa.org/teams/2/light/469.png
486,Eintracht Braunschweig,https://cdn.sofifa.org/teams/2/light/10030.png
487,Valenciennes FC,https://cdn.sofifa.org/teams/2/light/111766.png
488,FC Thun,https://cdn.sofifa.org/teams/2/light/110977.png
489,San Luis de Quillota,https://cdn.sofifa.org/teams/2/light/112579.png
490, SSV Jahn Regensburg,https://cdn.sofifa.org/teams/2/light/110747.png
491,Cosenza,https://cdn.sofifa.org/teams/2/light/112115.png
492,FC Nordsjælland,https://cdn.sofifa.org/teams/2/light/468.png
493,FC Erzgebirge Aue,https://cdn.sofifa.org/teams/2/light/294.png
494,Jeonnam Dragons,https://cdn.sofifa.org/teams/2/light/113948.png
495,Wolfsberger AC,https://cdn.sofifa.org/teams/2/light/212.png
496,Chamois Niortais Football Club,https://cdn.sofifa.org/teams/2/light/1815.png
497,Club Deportes Temuco,https://cdn.sofifa.org/teams/2/light/110588.png
498,AS Nancy Lorraine,https://cdn.sofifa.org/teams/2/light/1474.png
499,Red Star FC,https://cdn.sofifa.org/teams/2/light/705.png
500,Al Hazem,https://cdn.sofifa.org/teams/2/light/111082.png
501,Pogo? Szczecin,https://cdn.sofifa.org/teams/2/light/503.png
502,Charlton Athletic,https://cdn.sofifa.org/teams/2/light/165.png
503,Grenoble Foot 38,https://cdn.sofifa.org/teams/2/light/111327.png
504,FC Hansa Rostock,https://cdn.sofifa.org/teams/2/light/1873.png
505,San Martin de Tucumán,https://cdn.sofifa.org/teams/2/light/917.png
506,Incheon United FC,https://cdn.sofifa.org/teams/2/light/110500.png
507,?l?sk Wroc?aw,https://cdn.sofifa.org/teams/2/light/110456.png
508,GFC Ajaccio,https://cdn.sofifa.org/teams/2/light/1715.png
509,1. FC Kaiserslautern,https://cdn.sofifa.org/teams/2/light/112668.png
510,Deportivo Pasto,https://cdn.sofifa.org/teams/2/light/543.png
511,Lincoln City,https://cdn.sofifa.org/teams/2/light/112168.png
512,Motherwell,https://cdn.sofifa.org/teams/2/light/1788.png
513,Rotherham United,https://cdn.sofifa.org/teams/2/light/506.png
514,Burton Albion,https://cdn.sofifa.org/teams/2/light/1475.png
515,Wis?a P?ock,https://cdn.sofifa.org/teams/2/light/111822.png
516,FC Wacker Innsbruck,https://cdn.sofifa.org/teams/2/light/1813.png
517,Peterborough United,https://cdn.sofifa.org/teams/2/light/112709.png
518,Ascoli,https://cdn.sofifa.org/teams/2/light/1823.png
519,FC Zürich,https://cdn.sofifa.org/teams/2/light/111273.png
520,Fleetwood Town,https://cdn.sofifa.org/teams/2/light/113222.png
521,Padova,https://cdn.sofifa.org/teams/2/light/110746.png
522,FC Sochaux-Montbéliard,https://cdn.sofifa.org/teams/2/light/89.png
523,SV Wehen Wiesbaden,https://cdn.sofifa.org/teams/2/light/1805.png
524,Unión La Calera,https://cdn.sofifa.org/teams/2/light/27.png
525,Scunthorpe United,https://cdn.sofifa.org/teams/2/light/111714.png
526,CD O'Higgins,https://cdn.sofifa.org/teams/2/light/110765.png
527,CD Antofagasta,https://cdn.sofifa.org/flags/12.png
528,Plymouth Argyle,https://cdn.sofifa.org/flags/22.png
529,Aarhus GF,https://cdn.sofifa.org/teams/2/light/111092.png
530,Lillestrøm SK,https://cdn.sofifa.org/teams/2/light/110316.png
531,Karlsruher SC,https://cdn.sofifa.org/teams/2/light/29.png
532,GIF Sundsvall,https://cdn.sofifa.org/teams/2/light/111723.png
533,FC Emmen,https://cdn.sofifa.org/teams/2/light/149.png
534,Barnsley,https://cdn.sofifa.org/teams/2/light/83.png
535,Audax Italiano,https://cdn.sofifa.org/teams/2/light/1797.png
536,V-Varen Nagasaki,https://cdn.sofifa.org/teams/2/light/15015.png
537,Paris FC,https://cdn.sofifa.org/teams/2/light/1569.png
538,SpVgg Unterhaching,https://cdn.sofifa.org/teams/2/light/2045.png
539,Hobro IK,https://cdn.sofifa.org/teams/2/light/1938.png
540,De Graafschap,https://cdn.sofifa.org/flags/9.png
541,Hokkaido Consadole Sapporo,https://cdn.sofifa.org/teams/2/light/1847.png
542,Tromsø IL,https://cdn.sofifa.org/teams/2/light/894.png
543,FC Luzern,https://cdn.sofifa.org/teams/2/light/112260.png
544,FK Haugesund,https://cdn.sofifa.org/teams/2/light/110912.png
545,Zag??bie Lubin,https://cdn.sofifa.org/teams/2/light/226.png
546,VfR Aalen,https://cdn.sofifa.org/teams/2/light/492.png
547,Dundalk,https://cdn.sofifa.org/teams/2/light/112535.png
548,Oxford United,https://cdn.sofifa.org/teams/2/light/1949.png
549,Piast Gliwice,https://cdn.sofifa.org/teams/2/light/112116.png
550,Ohod Club,https://cdn.sofifa.org/teams/2/light/112533.png
551,Östersunds FK,https://cdn.sofifa.org/teams/2/light/1929.png
552,Vegalta Sendai,https://cdn.sofifa.org/teams/2/light/111928.png
553,Crawley Town,https://cdn.sofifa.org/teams/2/light/271.png
554,FC Admira Wacker Mödling,https://cdn.sofifa.org/teams/2/light/299.png
555,Vålerenga Fotball,https://cdn.sofifa.org/teams/2/light/1832.png
556,Dundee FC,https://cdn.sofifa.org/teams/2/light/1596.png
557,Portsmouth,https://cdn.sofifa.org/teams/2/light/100628.png
558,Envigado FC,https://cdn.sofifa.org/teams/2/light/1932.png
559,Mied? Legnica,https://cdn.sofifa.org/teams/2/light/101097.png
560,Odds BK,https://cdn.sofifa.org/teams/2/light/112448.png
561,SC Fortuna Köln,https://cdn.sofifa.org/teams/2/light/111817.png
562,US Orléans Loiret Football,https://cdn.sofifa.org/teams/2/light/172.png
563,Sarpsborg 08 FF,https://cdn.sofifa.org/teams/2/light/112425.png
564,Jaguares de Córdoba,https://cdn.sofifa.org/teams/2/light/635.png
565,Bradford City,https://cdn.sofifa.org/teams/2/light/112444.png
566,Accrington Stanley,https://cdn.sofifa.org/teams/2/light/418.png
567,St. Johnstone FC,https://cdn.sofifa.org/teams/2/light/897.png
568,Boyacá Chicó FC,https://cdn.sofifa.org/teams/2/light/1463.png
569,Luton Town,https://cdn.sofifa.org/teams/2/light/110749.png
570,SV Mattersburg,https://cdn.sofifa.org/teams/2/light/550.png
571,Kristiansund BK,https://cdn.sofifa.org/teams/2/light/837.png
572,Sangju Sangmu FC,https://cdn.sofifa.org/teams/2/light/1951.png
573,Rochdale,https://cdn.sofifa.org/teams/2/light/111086.png
574,Walsall,https://cdn.sofifa.org/teams/2/light/113219.png
575,Korona Kielce,https://cdn.sofifa.org/teams/2/light/113173.png
576,Shonan Bellmare,https://cdn.sofifa.org/teams/2/light/112836.png
577,FC Würzburger Kickers,https://cdn.sofifa.org/teams/2/light/110890.png
578,FSV Zwickau,https://cdn.sofifa.org/teams/2/light/111821.png
579,St. Mirren,https://cdn.sofifa.org/teams/2/light/920.png
580,AC Horsens,https://cdn.sofifa.org/teams/2/light/180.png
581,Esbjerg fB,https://cdn.sofifa.org/teams/2/light/1790.png
582,HJK Helsinki,https://cdn.sofifa.org/teams/2/light/112526.png
583,Southend United,https://cdn.sofifa.org/teams/2/light/112505.png
584,Bristol Rovers,https://cdn.sofifa.org/teams/2/light/1456.png
585,Hamilton Academical FC,https://cdn.sofifa.org/teams/2/light/110169.png
586,TSV 1860 München,https://cdn.sofifa.org/teams/2/light/112276.png
587,Curicó Unido,https://cdn.sofifa.org/teams/2/light/112199.png
588,SCR Altach,https://cdn.sofifa.org/teams/2/light/112903.png
589,Ranheim Fotball,https://cdn.sofifa.org/teams/2/light/1804.png
590,Stevenage,https://cdn.sofifa.org/teams/2/light/110313.png
591,SG Sonnenhof Großaspach,https://cdn.sofifa.org/teams/2/light/100804.png
592,Oldham Athletic,https://cdn.sofifa.org/teams/2/light/112019.png
593,Milton Keynes Dons,https://cdn.sofifa.org/teams/2/light/1923.png
594,FK Bodø/Glimt,https://cdn.sofifa.org/teams/2/light/1785.png
595,SC Preußen Münster,https://cdn.sofifa.org/teams/2/light/113459.png
596,Wycombe Wanderers,https://cdn.sofifa.org/teams/2/light/2055.png
597,Vejle Boldklub,https://cdn.sofifa.org/teams/2/light/1955.png
598,Bury,https://cdn.sofifa.org/teams/2/light/1803.png
599,Randers FC,https://cdn.sofifa.org/teams/2/light/111083.png
600,VfL Osnabrück,https://cdn.sofifa.org/teams/2/light/113161.png
601,SønderjyskE,https://cdn.sofifa.org/teams/2/light/110197.png
602,IFK Göteborg,https://cdn.sofifa.org/teams/2/light/110592.png
603,Mansfield Town,https://cdn.sofifa.org/teams/2/light/100805.png
604,Coventry City,https://cdn.sofifa.org/teams/2/light/1446.png
605,Waterford FC,https://cdn.sofifa.org/teams/2/light/1445.png
606,Shrewsbury,https://cdn.sofifa.org/teams/2/light/100325.png
607,IK Start,https://cdn.sofifa.org/flags/198.png
608,Gillingham,https://cdn.sofifa.org/teams/2/light/1954.png
609,FC Energie Cottbus,https://cdn.sofifa.org/teams/2/light/1962.png
610,FC Carl Zeiss Jena,https://cdn.sofifa.org/teams/2/light/184.png
611,Hallescher FC,https://cdn.sofifa.org/teams/2/light/33.png
612,SV Meppen,https://cdn.sofifa.org/teams/2/light/112655.png
613,AFC Wimbledon,https://cdn.sofifa.org/teams/2/light/15009.png
614,Blackpool,https://cdn.sofifa.org/teams/2/light/112200.png
615,Doncaster Rovers,https://cdn.sofifa.org/teams/2/light/361.png
616,Sandefjord Fotball,https://cdn.sofifa.org/teams/2/light/111379.png
617,VfL Sportfreunde Lotte,https://cdn.sofifa.org/teams/2/light/1920.png
618,Cheltenham Town,https://cdn.sofifa.org/teams/2/light/1798.png
619,IK Sirius,https://cdn.sofifa.org/teams/2/light/918.png
620,Vendsyssel FF,https://cdn.sofifa.org/teams/2/light/531.png
621,Swindon Town,https://cdn.sofifa.org/teams/2/light/1933.png
622,Notts County,https://cdn.sofifa.org/teams/2/light/822.png
623,SKN St. Pölten,https://cdn.sofifa.org/teams/2/light/1945.png
624,Exeter City,https://cdn.sofifa.org/teams/2/light/1786.png
625,Northampton Town,https://cdn.sofifa.org/teams/2/light/487.png
626,Shamrock Rovers,https://cdn.sofifa.org/teams/2/light/1447.png
627,Colchester United,https://cdn.sofifa.org/teams/2/light/319.png
628,Livingston FC,https://cdn.sofifa.org/teams/2/light/1940.png
629,TSV Hartberg,https://cdn.sofifa.org/teams/2/light/1800.png
630,Tranmere Rovers,https://cdn.sofifa.org/teams/2/light/753.png
631,Cambridge United,https://cdn.sofifa.org/teams/2/light/127.png
632,Grimsby Town,https://cdn.sofifa.org/teams/2/light/1524.png
633,Port Vale,https://cdn.sofifa.org/teams/2/light/1802.png
634,Itagüí Leones FC,https://cdn.sofifa.org/teams/2/light/162.png
635,Forest Green Rovers,https://cdn.sofifa.org/teams/2/light/110591.png
636,Dalkurd FF,https://cdn.sofifa.org/teams/2/light/110482.png
637,Zag??bie Sosnowiec,https://cdn.sofifa.org/teams/2/light/110597.png
638,Carlisle United,https://cdn.sofifa.org/teams/2/light/112259.png
639,Trelleborgs FF,https://cdn.sofifa.org/teams/2/light/1926.png
640,St. Patrick's Athletic,https://cdn.sofifa.org/teams/2/light/142.png
641,Morecambe,https://cdn.sofifa.org/flags/159.png
642,Cork City,https://cdn.sofifa.org/teams/2/light/1757.png
643,IF Brommapojkarna,https://cdn.sofifa.org/teams/2/light/110700.png
644,Crewe Alexandra,https://cdn.sofifa.org/teams/2/light/1936.png
645,Yeovil Town,https://cdn.sofifa.org/teams/2/light/113458.png
646,Bohemian FC,https://cdn.sofifa.org/teams/2/light/111660.png
647,Macclesfield Town,https://cdn.sofifa.org/teams/2/light/1934.png
648,Newport County,https://cdn.sofifa.org/teams/2/light/1937.png
649,Sligo Rovers,https://cdn.sofifa.org/teams/2/light/112075.png
650,Derry City,https://cdn.sofifa.org/teams/2/light/143.png
651,Limerick FC,https://cdn.sofifa.org/teams/2/light/1930.png
652,Bray Wanderers,https://cdn.sofifa.org/teams/2/light/306.png
653,,https://cdn.sofifa.org/teams/2/light/1935.png
654,,https://cdn.sofifa.org/teams/2/light/621.png
655,,https://cdn.sofifa.org/teams/2/light/2017.png
656,,https://cdn.sofifa.org/teams/2/light/15048.png
657,,https://cdn.sofifa.org/teams/2/light/1944.png
658,,https://cdn.sofifa.org/teams/2/light/92.png
659,,https://cdn.sofifa.org/teams/2/light/1928.png
660,,https://cdn.sofifa.org/teams/2/light/112970.png
661,,https://cdn.sofifa.org/teams/2/light/561.png
662,,https://cdn.sofifa.org/teams/2/light/113876.png
663,,https://cdn.sofifa.org/teams/2/light/111089.png
664,,https://cdn.sofifa.org/teams/2/light/1480.png
665,,https://cdn.sofifa.org/teams/2/light/703.png
666,,https://cdn.sofifa.org/teams/2/light/423.png
667,,https://cdn.sofifa.org/teams/2/light/357.png
668,,https://cdn.sofifa.org/teams/2/light/422.png
669,,https://cdn.sofifa.org/teams/2/light/111705.png
670,,https://cdn.sofifa.org/teams/2/light/121.png
671,,https://cdn.sofifa.org/teams/2/light/346.png
672,,https://cdn.sofifa.org/teams/2/light/305.png
673,,https://cdn.sofifa.org/teams/2/light/1959.png
674,,https://cdn.sofifa.org/teams/2/light/112254.png
675,,https://cdn.sofifa.org/teams/2/light/563.png
676,,https://cdn.sofifa.org/teams/2/light/445.png
677,,https://cdn.sofifa.org/teams/2/light/111285.png
678,,https://cdn.sofifa.org/flags/17.png
679,,https://cdn.sofifa.org/teams/2/light/838.png
680,,https://cdn.sofifa.org/flags/50.png
